[
  {
    "timestamp": "2025-08-14T06:16:56.151339",
    "audit_type": "data_rights",
    "action": "requested_export",
    "details": {
      "request_id": 1,
      "request_type": "export"
    }
  },
  {
    "timestamp": "2025-08-14T06:16:56.135821",
    "audit_type": "consent_management",
    "action": "consent_privacy_marketing_emails_withdrawn",
    "details": {
      "consent_type": "privacy_marketing_emails",
      "consent_given": false,
      "document_version": "1.0"
    }
  },
  {
    "timestamp": "2025-08-14T06:16:56.127807",
    "audit_type": "consent_management",
    "action": "consent_privacy_data_processing_given",
    "details": {
      "consent_type": "privacy_data_processing",
      "consent_given": true,
      "document_version": "1.0"
    }
  },
  {
    "timestamp": "2025-08-14T06:16:56.115182",
    "audit_type": "consent_management",
    "action": "consent_cookies_marketing_withdrawn",
    "details": {
      "consent_type": "cookies_marketing",
      "consent_given": false,
      "document_version": "1.0"
    }
  },
  {
    "timestamp": "2025-08-14T06:16:56.103730",
    "audit_type": "consent_management",
    "action": "consent_cookies_analytics_given",
    "details": {
      "consent_type": "cookies_analytics",
      "consent_given": true,
      "document_version": "1.0"
    }
  },
  {
    "timestamp": "2025-08-14T06:16:56.086452",
    "audit_type": "consent_management",
    "action": "consent_cookies_necessary_given",
    "details": {
      "consent_type": "cookies_necessary",
      "consent_given": true,
      "document_version": "1.0"
    }
  }
]