[
  {
    "id": 1,
    "consent_type": "cookies_necessary",
    "consent_given": true,
    "consent_date": "2025-08-14 06:16:56.079602",
    "document_version": "1.0"
  },
  {
    "id": 2,
    "consent_type": "cookies_analytics",
    "consent_given": true,
    "consent_date": "2025-08-14 06:16:56.098089",
    "document_version": "1.0"
  },
  {
    "id": 3,
    "consent_type": "cookies_marketing",
    "consent_given": false,
    "consent_date": "2025-08-14 06:16:56.110375",
    "document_version": "1.0"
  },
  {
    "id": 4,
    "consent_type": "privacy_data_processing",
    "consent_given": true,
    "consent_date": "2025-08-14 06:16:56.120670",
    "document_version": "1.0"
  },
  {
    "id": 5,
    "consent_type": "privacy_marketing_emails",
    "consent_given": false,
    "consent_date": "2025-08-14 06:16:56.132247",
    "document_version": "1.0"
  }
]